bowler,balls_bowled,wickets_taken,runs_conceded,matches_played,wickets_per_match,economy,bowling_score
Ac Gilchrist,1,1,0,1,1.0,0.0,200000.80000000002
Ys Chahal,3905,229,5112,172,1.3313953488372092,7.8545454545454545,137.6917420294886
B Kumar,4378,213,5541,190,1.1210526315789473,7.59387848332572,128.05054752579534
Sp Narine,4421,212,5029,187,1.1336898395721926,6.825152680389052,127.4560413373865
Dj Bravo,3296,207,4436,158,1.3101265822784811,8.075242718446601,124.48679237079772
R Ashwin,4868,205,5721,217,0.9447004608294931,7.0513557929334425,123.21730342788597
Jj Bumrah,3474,203,4162,145,1.4,7.1882556131260795,122.10782315807073
Pp Chawla,3895,201,5179,191,1.0523560209424083,7.977920410783056,120.83554039072241
Sl Malinga,2974,188,3486,122,1.540983606557377,7.032952252858103,113.13663427703086
A Mishra,3444,183,4193,162,1.1296296296296295,7.304878048780488,110.05330488711945
Ra Jadeja,4127,179,5242,225,0.7955555555555556,7.6210322267991275,107.58535427185429
Hv Patel,2570,168,3649,116,1.4482758620689655,8.519066147859922,101.11313192127945
Rashid Khan,3237,166,3863,136,1.2205882352941178,7.160333642261353,99.87204930249005
Sandeep Sharma,3168,163,4134,136,1.1985294117647058,7.829545454545454,98.06525014614408
Ut Yadav,3190,163,4442,147,1.1088435374149659,8.354858934169279,98.04570687060911
Harbhajan Singh,3496,161,4101,160,1.00625,7.0383295194508015,96.82966582949923
Ta Boult,2785,151,3806,119,1.26890756302521,8.199640933572711,90.87817282159392
Mohammed Shami,2708,150,3834,119,1.2605042016806722,8.49483013293944,90.27564456908955
Mm Sharma,2471,149,3537,119,1.2521008403361344,8.588425738567382,89.67370732019508
Ar Patel,3371,137,4138,160,0.85625,7.365173539009196,82.39840482151044
Ad Russell,1885,133,2909,121,1.0991735537190082,9.25941644562334,80.04143434173295
K Rabada,1995,128,2816,84,1.5238095238095237,8.469172932330826,77.12837695879173
R Vinay Kumar,2186,127,3041,104,1.2211538461538463,8.346752058554438,76.46819218256084
A Nehra,1974,121,2537,88,1.375,7.711246200607903,72.9009361416898
Jd Unadkat,2340,121,3396,111,1.09009009009009,8.707692307692307,72.84098621326018
Z Khan,2276,119,2860,99,1.202020202020202,7.539543057996485,71.66693084341249
Sn Thakur,2205,115,3284,102,1.1274509803921569,8.936054421768707,69.24787143596116
Mohammed Siraj,2448,112,3434,108,1.037037037037037,8.416666666666666,67.43116978082178
Ch Morris,1801,107,2377,81,1.3209876543209877,7.91893392559689,64.48945345251012
Sr Watson,2137,107,2742,105,1.019047619047619,7.698642957416939,64.42978812486008
Arshdeep Singh,1820,106,2624,81,1.308641975308642,8.650549450549452,63.88484831108826
Kuldeep Yadav,2110,106,2805,96,1.1041666666666667,7.976303317535544,63.845907602322825
Dw Steyn,2282,105,2583,95,1.105263157894737,6.791411042944786,63.25050158839902
Cv Varun,1932,102,2432,83,1.2289156626506024,7.552795031055901,61.47226339218199
P Kumar,2637,102,3342,119,0.8571428571428571,7.604095563139932,61.397730183768616
Rp Singh,1874,100,2417,82,1.2195121951219512,7.738527214514408,60.26974714675898
I Sharma,2546,100,3465,117,0.8547008547008547,8.165750196386488,60.195432712433295
Pp Ojha,1945,99,2399,90,1.1,7.40051413881748,59.64702514571599
Ik Pathan,2113,99,2711,101,0.9801980198019802,7.698059630856601,59.62202017355975
Kh Pandya,2466,97,3024,132,0.7348484848484849,7.357664233576642,58.37415223295778
Ja Morkel,1807,96,2409,87,1.103448275862069,7.998893193137797,57.845693111296576
Kk Ahmed,1635,94,2372,71,1.323943661971831,8.704587155963303,56.68776512098582
Avesh Khan,1684,94,2497,75,1.2533333333333334,8.89667458432304,56.67314697384482
Ds Kulkarni,1876,91,2513,92,0.9891304347826086,8.03731343283582,54.82271002072213
Dl Chahar,2009,91,2621,95,0.9578947368421052,7.827775012444002,54.81712898861667
Kv Sharma,1611,89,2263,87,1.0229885057471264,8.42830540037244,53.62832726086158
M Morkel,1699,88,2136,70,1.2571428571428571,7.543260741612713,53.07794230074764
Imran Tahir,1340,86,1729,59,1.4576271186440677,7.741791044776119,51.91735923569939
L Balaji,1574,85,2083,73,1.1643835616438356,7.940279542566709,51.2580647392414
Hh Pandya,1714,84,2541,107,0.7850467289719626,8.894982497082847,50.57949392938756
Mm Patel,1382,82,1733,63,1.3015873015873016,7.523878437047757,49.48689949179116
Pj Cummins,1682,82,2436,72,1.1388888888888888,8.689655172413794,49.450793648144995
Ab Dinda,1589,82,2103,75,1.0933333333333333,7.940843297671492,49.44385290537161
R Bhatia,1661,82,2059,91,0.9010989010989011,7.437688139674895,49.40710985269311
Ka Pollard,1586,81,2200,107,0.7570093457943925,8.32282471626734,48.77543216930191
M Prasidh Krishna,1595,80,2247,66,1.2121212121212122,8.452664576802508,48.26608541749177
Ma Starc,1124,78,1588,50,1.56,8.476868327402135,47.13559361602442
T Natarajan,1426,77,2054,63,1.2222222222222223,8.642356241234221,46.467586278832606
Ravi Bishnoi,1693,77,2263,76,1.013157894736842,8.020082693443591,46.42756897457124
Jp Faulkner,1287,76,1849,60,1.2666666666666666,8.62004662004662,45.87653506130695
Rd Chahar,1703,76,2174,78,0.9743589743589743,7.6594245449207286,45.82098341366449
Mj Mcclenaghan,1346,75,1839,56,1.3392857142857142,8.197622585438335,45.29225445726364
Mustafizur Rahman,1419,74,1879,60,1.2333333333333334,7.945031712473573,44.67183962784102
Jh Kallis,1799,74,2348,89,0.8314606741573034,7.8310172317954425,44.591831597782516
Sk Trivedi,1557,73,1944,75,0.9733333333333334,7.491329479768786,44.021364193967074
Shakib Al Hasan,1515,71,1864,70,1.0142857142857142,7.3821782178217825,42.8299494138653
M Muralitharan,1581,67,1765,66,1.0151515151515151,6.698292220113852,40.4328886555132
Mg Johnson,1301,66,1740,54,1.2222222222222223,8.024596464258263,39.869367812986084
A Nortje,1142,63,1701,48,1.3125,8.936952714535902,38.084878990245265
Lh Ferguson,1078,63,1558,49,1.2857142857142858,8.67161410018553,38.08020661143653
S Kaul,1238,63,1772,55,1.1454545454545455,8.588045234248789,38.052379092985674
Sm Curran,1308,63,2059,63,1.0,9.444954128440367,38.02117532558707
Jc Archer,1279,61,1655,52,1.1730769230769231,7.763878029710712,36.8603757035532
Sk Warne,1223,60,1465,54,1.1111111111111112,7.187244480784955,36.25004929457347
Jo Holder,1049,59,1489,46,1.2826086956521738,8.516682554814109,35.68000505851324
Jr Hazlewood,892,58,1219,39,1.4871794871794872,8.199551569506728,35.12182747225716
Tg Southee,1262,57,1774,54,1.0555555555555556,8.434231378763867,34.434823998190616
Tu Deshpande,1043,55,1617,46,1.1956521739130435,9.302013422818792,33.26063115397193
S Nadeem,1444,54,1800,70,0.7714285714285715,7.4792243767313025,32.581026451451116
M Pathirana,787,53,1047,32,1.65625,7.982210927573063,32.15630571160158
S Gopal,1000,53,1358,51,1.0392156862745099,8.148,32.03238903507695
Nm Coulter-Nile,892,52,1125,38,1.368421052631579,7.567264573991032,31.500113836663317
Sb Jakati,1101,50,1474,57,0.8771929824561403,8.032697547683924,30.200336829483884
A Kumble,983,49,1089,42,1.1666666666666667,6.646998982706002,29.663422095259065
Aj Tye,714,48,1005,30,1.6,8.445378151260504,29.143681589235708
Noor Ahmad,827,48,1088,37,1.2972972972972974,7.893591293833131,29.084796466053557
S Aravind,788,48,1057,38,1.263157894736842,8.048223350253807,29.07748178084236
Rj Harris,865,47,1085,37,1.2702702702702702,7.526011560693642,28.480628551291083
Pwh De Silva,808,47,1134,37,1.2702702702702702,8.42079207920792,28.477804786095415
Vr Aaron,1065,46,1527,50,0.92,8.60281690140845,27.807248196380776
Mm Ali,869,46,1036,57,0.8070175438596491,7.153049482163405,27.789363607823194
Mc Henriques,979,46,1302,60,0.7666666666666667,7.9795709908069465,27.77839733428857
Mp Stoinis,922,46,1477,71,0.647887323943662,9.6117136659436,27.75038540665457
Yk Pathan,1184,46,1443,82,0.5609756097560976,7.3125,27.739545545561416
Mukesh Kumar,675,45,1118,32,1.40625,9.937777777777777,27.301375221588472
Yash Dayal,920,45,1412,43,1.0465116279069768,9.208695652173912,27.231020925678052
Iqbal Abdulla,943,45,1125,48,0.9375,7.158006362672323,27.215440736837316
Gj Maxwell,1047,45,1422,85,0.5294117647058824,8.148997134670488,27.130425247257115
Pj Sangwan,905,44,1267,42,1.0476190476190477,8.4,26.633333330498864
De Bollinger,600,43,716,27,1.5925925925925926,7.16,26.146451475511125
P Awana,774,43,1046,33,1.303030303030303,8.108527131782946,26.08527144953356
S Sreesanth,947,43,1221,44,0.9772727272727273,7.736008447729672,26.02130766796575
Harshit Rana,679,42,1047,32,1.3125,9.251840942562591,25.484117316988513
R Sharma,935,42,1100,44,0.9545454545454546,7.0588235294117645,25.419242420228535
Washington Sundar,1131,41,1447,63,0.6507936507936508,7.676392572944297,24.756212631394966
Wd Parnell,758,40,968,33,1.2121212121212122,7.6622691292875995,24.268526167392345
Dt Christian,922,40,1218,49,0.8163265306122449,7.926247288503254,24.188497924723368
Vg Arora,690,39,1029,32,1.21875,8.947826086956521,23.666101795363986
Ms Gony,925,39,1317,44,0.8863636363636364,8.542702702702703,23.600684519014575
M Kartik,1182,39,1418,55,0.7090909090909091,7.197969543147208,23.569603791498174
Yuvraj Singh,882,39,1091,73,0.5342465753424658,7.421768707482993,23.53379706579139
Dp Nannes,689,38,815,29,1.3103448275862069,7.097242380261249,23.090248920646896
M Jansen,787,38,1180,35,1.0857142857142856,8.996188055908513,23.03937449308971
P Negi,733,38,954,42,0.9047619047619048,7.80900409276944,23.006563838189766
Mr Marsh,593,37,803,34,1.088235294117647,8.1247892074199,22.442263079039947
Nltc Perera,715,37,1031,36,1.0277777777777777,8.651748251748252,22.428672268046913
M Markande,737,37,1081,37,1.0,8.800542740841248,22.422725868524672
Kk Cooper,600,36,789,25,1.44,7.89,21.913348539246066
Cj Jordan,717,36,1111,34,1.0588235294117647,9.297071129707113,21.83327685478361
M Theekshana,902,36,1226,38,0.9473684210526315,8.15521064301552,21.813997879137002
R Tewatia,866,36,1117,52,0.6923076923076923,7.739030023094688,21.764304567052992
M Ashwin,898,35,1182,44,0.7954545454545454,7.8975501113585755,21.18441521496496
Harpreet Brar,826,35,1097,46,0.7608695652173914,7.968523002421308,21.1772726640718
Dl Vettori,785,34,894,34,1.0,6.83312101910828,20.62926919780456
Mf Maharoof,441,33,532,20,1.65,7.238095238095238,20.157631575129848
Shivam Mavi,687,33,958,32,1.03125,8.366812227074236,20.03015396374008
Ab Agarkar,820,33,1174,42,0.7857142857142857,8.590243902439026,19.9804250804405
L Ngidi,390,32,541,16,2.0,8.323076923076924,19.624029571974265
A Zampa,475,32,656,22,1.4545454545454546,8.286315789473683,19.515045266858102
R Sai Kishore,453,32,655,25,1.28,8.675496688741722,19.4790534324572
Cr Woakes,463,31,674,21,1.4761904761904763,8.734341252699783,18.918136213289074
Azhar Mahmood,552,31,707,23,1.3478260869565217,7.684782608695652,18.895590673693505
A Singh,486,31,639,23,1.3478260869565217,7.888888888888889,18.894917326853708
Umran Malik,519,31,785,26,1.1923076923076923,9.07514450867052,18.860499752593633
Harmeet Singh,574,31,747,28,1.1071428571428572,7.808362369337979,18.847042133520898
Ba Stokes,723,31,1023,38,0.8157894736842105,8.489626556016598,18.786716054229743
B Lee,916,30,1126,38,0.7894736842105263,7.3755458515283845,18.1850113702289
Sk Raina,930,30,1139,69,0.43478260869565216,7.348387096774194,18.114173374927354
Yash Thakur,475,28,782,21,1.3333333333333333,9.877894736842105,17.08691389394343
Pv Tambe,674,28,866,33,0.8484848484848485,7.70919881305638,16.99563999943415
Ad Mathews,807,28,1095,44,0.6363636363636364,8.141263940520446,16.9518389343009
Str Binny,611,28,763,63,0.4444444444444444,7.4926350245499185,16.915581764312797
Mohsin Khan,507,27,698,23,1.173913043478261,8.2603550295858,16.458994640148493
J Botha,709,27,818,34,0.7941176470588235,6.922425952045134,16.387715130780112
R Dhawan,693,27,922,36,0.75,7.982683982683983,16.37505422679635
Dr Smith,557,27,825,46,0.5869565217391305,8.88689407540395,16.33989635232049
Naveen-Ul-Haq,407,26,602,17,1.5294117647058822,8.874692874692876,15.928418341542464
Akash Madhwal,376,26,598,17,1.5294117647058822,9.542553191489363,15.926841102138365
Sw Tait,534,26,668,21,1.2380952380952381,7.50561797752809,15.874265750655638
Basil Thampi,539,26,862,25,1.04,9.595547309833025,15.828842998601242
Mj Santner,617,26,744,31,0.8387096774193549,7.235008103727715,15.795385300838719
Navdeep Saini,682,26,968,31,0.8387096774193549,8.516129032258064,15.791226781211028
Re Van Der Merwe,455,25,515,21,1.1904761904761905,6.791208791208792,15.267545071946476
Gb Hogg,466,25,585,21,1.1904761904761905,7.532188841201716,15.264647941122712
Sohail Tanvir,265,24,275,11,2.1818181818181817,6.226415094339623,14.868484843325986
As Rajpoot,567,24,844,29,0.8275862068965517,8.931216931216932,14.587910603800905
Bw Hilfenhaus,390,23,497,17,1.3529411764705883,7.6461538461538465,14.09674517352309
A Symonds,540,23,694,30,0.7666666666666667,7.711111111111111,13.979269929393428
Jp Duminy,701,23,847,49,0.46938775510204084,7.249643366619116,13.92146511116624
Wpujc Vaas,288,22,364,13,1.6923076923076923,7.583333333333333,13.564835161357324
Vy Mahesh,359,22,511,17,1.2941176470588236,8.540389972144846,13.482241661046759
Jp Behrendorff,379,22,563,17,1.2941176470588236,8.91292875989446,13.48126284009723
As Joseph,454,22,707,22,1.0,9.343612334801762,13.42140499535175
Bipul Sharma,436,22,581,28,0.7857142857142857,7.9954128440366965,13.382157197100902
K Gowtham,599,22,825,35,0.6285714285714286,8.263772954924875,13.349916302987618
Shahbaz Ahmed,605,22,953,45,0.4888888888888889,9.451239669421488,13.318939020729411
Kw Richardson,345,21,479,15,1.4,8.330434782608696,12.904008347848684
Vijaykumar Vyshak,356,21,577,16,1.3125,9.724719101123595,12.883066144621157
Rp Meredith,415,21,621,18,1.1666666666666667,8.978313253012047,12.855609229939747
Mujeeb Ur Rahman,465,21,626,20,1.05,8.07741935483871,12.8347603803212
Anureet Singh,430,21,636,22,0.9545454545454546,8.874418604651162,12.813445776000608
Nt Ellis,390,20,553,17,1.1764705882352942,8.507692307692308,12.258802252316084
C Sakariya,479,20,649,20,1.0,8.129436325678498,12.224601948694316
J Suchith,434,20,604,21,0.9523809523809523,8.350230414746544,12.21442762248642
Bb Sran,516,20,767,24,0.8333333333333334,8.918604651162791,12.18909169674678
Suyash Sharma,569,20,835,27,0.7407407407407407,8.804920913884008,12.170862716426674
C Green,462,20,675,29,0.6896551724137931,8.766233766233766,12.160745846694994
Crd Fernando,249,19,306,10,1.9,7.373493975903615,11.80712417932793
Ad Mascarenhas,310,19,365,13,1.4615384615384615,7.064516129032258,11.720618190583377
A Ashish Reddy,270,19,400,20,0.95,8.88888888888889,11.61249999746875
Ic Pandey,469,19,609,24,0.7916666666666666,7.791044776119403,11.584003828122754
Ch Gayle,584,19,755,38,0.5,7.756849315068494,11.525783661135176
Bj Hodge,238,18,310,20,0.9,7.815126050420169,11.005591394574862
R Rampaul,278,17,319,12,1.4166666666666667,6.884892086330935,10.512382440921812
D Wiese,307,17,447,15,1.1333333333333333,8.736156351791532,10.449560027207955
Mukesh Choudhary,334,17,523,16,1.0625,9.395209580838324,10.433787441966219
Lr Shukla,326,17,458,27,0.6296296296296297,8.429447852760736,10.349652269544999
Ac Thomas,327,16,416,15,1.0666666666666667,7.63302752293578,9.839535252977551
Cr Brathwaite,266,16,384,16,1.0,8.661654135338345,9.823090275111973
Vrv Singh,371,16,549,18,0.8888888888888888,8.878706199460916,9.800303579733736
Kartik Tyagi,458,16,720,20,0.8,9.43231441048035,9.781203701455718
St Jayasuriya,301,16,396,21,0.7619047619047619,7.893687707641196,9.77771764950791
Rg Sharma,349,16,462,32,0.5,7.9426934097421205,9.725180372010119
Ya Abdulla,222,15,311,11,1.3636363636363635,8.405405405405405,9.2965214821151
Sj Srivastava,306,15,444,14,1.0714285714285714,8.705882352941176,9.2372586846199
G Coetzee,292,15,490,14,1.0714285714285714,10.068493150684931,9.234149657891063
Dr Sams,389,15,528,16,0.9375,8.143958868894602,9.212058077792584
An Ahmed,362,15,515,17,0.8823529411764706,8.535911602209945,9.199901006202344
Pvd Chameera,408,15,640,19,0.7894736842105263,9.411764705882353,9.179144734584293
Mohammad Nabi,419,15,527,23,0.6521739130434783,7.5465393794749405,9.156936992885601
Rr Powar,443,15,538,26,0.5769230769230769,7.286681715575622,9.142831947429482
Umar Gul,153,14,198,6,2.3333333333333335,7.764705882352941,8.89242423910698
E Malinga,165,14,244,7,2.0,8.872727272727273,8.822540981066078
Kamran Khan,177,14,248,9,1.5555555555555556,8.40677966101695,8.73490143086186
S Lamichhane,211,14,297,9,1.5555555555555556,8.445497630331754,8.734792365321693
Karanveer Singh,213,14,323,9,1.5555555555555556,9.098591549295774,8.733092532843804
Ab Mcdonald,188,14,263,10,1.4,8.393617021276595,8.703827627072501
Kr Sen,255,14,396,12,1.1666666666666667,9.31764705882353,8.654797977494324
Ds Rathi,321,14,435,13,1.0769230769230769,8.130841121495328,8.639982313508806
Ka Jamieson,273,14,418,13,1.0769230769230769,9.186813186813186,8.637154947943108
Gd Mcgrath,329,14,366,14,1.0,6.674772036474164,8.629963565638427
R Mclaren,372,14,558,18,0.7777777777777778,9.0,8.577777775308641
Djg Sammy,244,14,354,19,0.7368421052631579,8.704918032786885,8.570343936304031
Jr Hopes,369,14,562,20,0.7,9.138211382113822,8.56188611860143
Cj Anderson,315,14,525,22,0.6363636363636364,10.0,8.547272725272727
Ck Langeveldt,165,13,199,7,1.8571428571428572,7.236363636363636,8.199066758563998
J Theron,235,13,311,10,1.3,7.940425531914894,8.085187563816143
J Little,236,13,341,11,1.1818181818181819,8.669491525423728,8.059433037417215
Sm Pollock,280,13,307,13,1.0,6.578571428571429,8.0304017326208
Tk Curran,252,13,432,13,1.0,10.285714285714286,8.019444442554011
Rs Bopara,213,13,301,14,0.9285714285714286,8.47887323943662,8.009302322799417
Jdp Oram,244,13,362,14,0.9285714285714286,8.901639344262296,8.008182054829325
Ba Bhatt,303,13,408,15,0.8666666666666667,8.07920792079208,7.998088232230092
Joginder Sharma,272,13,421,15,0.8666666666666667,9.286764705882353,7.994869356350831
Ls Livingstone,321,13,471,27,0.48148148148148145,8.80373831775701,7.9190139157965245
V Pratap Singh,211,12,300,9,1.3333333333333333,8.530805687203792,7.490111108362901
Ag Murtaza,269,12,322,12,1.0,7.182156133828996,7.42784678701305
V Nigam,244,12,361,13,0.9230769230769231,8.87704918032787,7.407145391310988
Simarjeet Singh,256,12,411,14,0.8571428571428571,9.6328125,7.392190937480815
Azmatullah Omarzai,300,12,476,15,0.8,9.52,7.381008401154579
R Shepherd,223,12,416,15,0.8,11.192825112107624,7.377868588147157
K Kartikeya,290,12,412,16,0.75,8.524137931034483,7.37346278041901
Bcj Cutting,288,12,430,17,0.7058823529411765,8.958333333333334,7.3635020494914265
Arshad Khan,289,12,502,18,0.6666666666666666,10.422145328719724,7.352523238530583
Sc Ganguly,280,12,370,20,0.6,7.928571428571429,7.345225222043665
Ankit Sharma,375,12,453,21,0.5714285714285714,7.248,7.341879529463167
V Shankar,258,12,344,22,0.5454545454545454,8.0,7.334090905965909
Ma Wood,127,11,192,5,2.2,9.070866141732283,7.0620486086804055
Be Hendricks,157,11,239,7,1.5714285714285714,9.13375796178344,6.936182504078046
Ashwani Kumar,132,11,234,7,1.5714285714285714,10.636363636363637,6.93308913132129
Oc Mccoy,180,11,255,8,1.375,8.5,6.8985294089965405
Jl Pattinson,222,11,321,10,1.1,8.675675675675675,6.843052956844363
Ts Mills,218,11,349,10,1.1,9.605504587155963,6.84082139229271
A Chandila,234,11,245,12,0.9166666666666666,6.282051282051282,6.815170062959323
S Badree,263,11,329,12,0.9166666666666666,7.505703422053232,6.809979733025328
Kp Appanna,222,11,291,13,0.8461538461538461,7.864864864864865,6.794660319262063
Akash Deep,302,11,554,14,0.7857142857142857,11.006622516556291,6.7753137339516405
Jd Ryder,241,11,314,16,0.6875,7.817427385892117,6.763083860846225
Pankaj Singh,311,11,472,17,0.6470588235294118,9.106109324758842,6.751375039130113
Lalit Yadav,294,11,430,19,0.5789473684210527,8.775510204081632,6.738580168761549
Abhishek Sharma,345,11,509,32,0.34375,8.852173913043478,6.691343317683465
T Thushara,144,10,164,6,1.6666666666666667,6.833333333333333,6.362601621733096
Mp Yadav,129,10,188,6,1.6666666666666667,8.744186046511627,6.356205671143146
Anand Rajan,162,10,206,8,1.25,7.62962962962963,6.276213588797248
Kma Paul,180,10,239,8,1.25,7.966666666666667,6.275104599359255
B Laughlin,179,10,284,9,1.1111111111111112,9.5195530726257,6.243231609686612
Mn Samuels,219,10,285,11,0.9090909090909091,7.808219178082192,6.207432213625507
A Kamboj,198,10,288,11,0.9090909090909091,8.727272727272727,6.20473484585898
J Syed Mohammad,196,10,286,11,0.9090909090909091,8.755102040816327,6.204662002052803
Rasikh Salam,245,10,412,13,0.7692307692307693,10.089795918367347,6.173668158354086
N Rana,197,10,271,26,0.38461538461538464,8.253807106598984,6.101154316299735
Dj Hussey,323,10,485,26,0.38461538461538464,9.009287925696594,6.099122387173806
Dj Hooda,391,10,550,34,0.29411764705882354,8.439897698209718,6.082520496301003
Smsm Senanayake,195,9,211,8,1.125,6.492307692307692,5.65580568245884
Is Sodhi,182,9,204,8,1.125,6.725274725274725,5.654738557669592
Se Bond,191,9,225,8,1.125,7.068062827225131,5.653296292292894
P Parameswaran,159,9,226,8,1.125,8.528301886792454,5.648451324683804
N Thushara,198,9,289,8,1.125,8.757575757575758,5.647837367634486
Mohammad Asif,199,9,307,8,1.125,9.256281407035177,5.64660694663421
Baw Mendis,248,9,306,10,0.9,7.403225806451612,5.607015246895543
Shahid Afridi,185,9,237,10,0.9,7.686486486486487,5.606019687191531
Af Milne,217,9,339,10,0.9,9.373271889400922,5.6013372641936146
Akash Singh,208,9,326,10,0.9,9.403846153846155,5.601267891398915
Sb Styris,222,9,278,11,0.8181818181818182,7.513513513513513,5.590255065129558
Kp Pietersen,180,9,218,13,0.6923076923076923,7.266666666666667,5.565984470453795
Jec Franklin,155,9,225,15,0.6,8.70967741935484,5.5429629603264745
J Yadav,398,9,447,20,0.45,6.738693467336684,5.519679339368986
Am Nayar,239,9,323,19,0.47368421052631576,8.10878661087866,5.519401441746728
R Parag,309,9,478,30,0.3,9.281553398058252,5.481548114833204
Gc Viljoen,146,8,229,6,1.3333333333333333,9.41095890410959,5.087918483913562
S Randiv,180,8,223,8,1.0,7.433333333333334,5.026905825976795
M Ntini,213,8,257,9,0.8888888888888888,7.23943661971831,5.005404233105641
Yudhvir Singh,145,8,257,9,0.8888888888888888,10.634482758620688,4.996584520496988
As Roy,167,8,218,10,0.8,7.832335329341317,4.985535164935495
S Sandeep Warrier,176,8,257,10,0.8,8.761363636363637,4.9828274941519854
I Udana,182,8,286,10,0.8,9.428571428571429,4.981212118962351
Zeeshan Ansari,209,8,334,10,0.8,9.588516746411482,4.980858281257794
Kc Cariappa,224,8,349,11,0.7272727272727273,9.348214285714285,4.966849003528873
Nithish Kumar Reddy,152,8,255,12,0.6666666666666666,10.06578947368421,4.953202612405144
Aa Chavan,255,8,339,13,0.6153846153846154,7.976470588235294,4.9481506662461445
Wg Jacks,145,8,221,13,0.6153846153846154,9.144827586206896,4.944947207261546
Jds Neesham,222,8,342,13,0.6153846153846154,9.243243243243244,4.9447143476366175
A Mithun,312,8,477,16,0.5,9.173076923076923,4.921802932633642
N Burger,105,7,152,5,1.4,8.685714285714285,4.5030263131384185
B Stanlake,150,7,200,6,1.1666666666666667,8.0,4.458333330208334
P Amarnath,132,7,241,6,1.1666666666666667,10.954545454545455,4.451590593077484
Of Smith,95,7,179,6,1.1666666666666667,11.305263157894736,4.451024207001273
Am Salvi,156,7,205,7,1.0,7.884615384615385,4.425365850441405
D Pretorius,166,7,242,7,1.0,8.74698795180723,4.422865011160061
Km Asif,143,7,232,7,1.0,9.734265734265735,4.420545974900809
R Shukla,130,7,217,7,1.0,10.015384615384615,4.419969276039934
Hf Gurney,169,7,239,8,0.875,8.485207100591715,4.398570429579217
Pc Valthaty,153,7,207,10,0.7,8.117647058823529,4.3646376781243434
Rr Raje,144,7,214,10,0.7,8.916666666666666,4.362429904026553
Dj Willey,221,7,277,11,0.6363636363636364,7.520361990950226,4.353867188237001
Tl Suman,152,7,198,11,0.6363636363636364,7.815789473684211,4.35286194958791
B Akhil,193,7,246,13,0.5384615384615384,7.647668393782384,4.33384406579035
Swapnil Singh,165,7,241,14,0.5,8.763636363636364,4.322821574159364
C De Grandhomme,230,7,323,19,0.3684210526315789,8.426086956521738,4.297420017822891
Y Venugopal Rao,222,7,338,20,0.35,9.135135135135135,4.291893488727636
W O'Rourke,64,6,132,3,2.0,12.375,4.016161614855627
Ramandeep Singh,45,6,64,4,1.5,8.533333333333333,3.923437497253418
Kmdn Kulasekara,107,6,122,5,1.2,6.841121495327103,3.869234968404178
Je Taylor,122,6,167,5,1.2,8.213114754098362,3.8643512944402616
Mg Bracewell,66,6,95,5,1.2,8.636363636363637,3.8631578920554013
M De Lange,116,6,171,5,1.2,8.844827586206897,3.862612083213448
V Puthur,73,6,109,5,1.2,8.958904109589042,3.8623241565295663
Fh Edwards,150,6,160,6,1.0,6.4,3.831249995117188
Ss Cottrell,131,6,177,6,1.0,8.106870229007635,3.8246704301018584
Dg Nalkande,89,6,150,6,1.0,10.112359550561797,3.8197777758219753
S Narwal,113,6,203,6,1.0,10.778761061946904,3.818555006488739
Jaskaran Singh,111,6,174,7,0.8571428571428571,9.405405405405405,3.7926929369837965
K Khejroliya,148,6,250,8,0.75,10.135135135135135,3.769733331386311
Rv Gomez,97,6,130,9,0.6666666666666666,8.041237113402062,3.7582051251120974
Sb Bangar,153,6,221,9,0.6666666666666666,8.666666666666666,3.7564102537475343
S Kaushik,210,6,304,10,0.6,8.685714285714285,3.743026313138418
Fazalhaq Farooqi,266,6,440,12,0.5,9.924812030075188,3.720151513121097
Vs Malik,212,6,268,13,0.46153846153846156,7.584905660377358,3.7186758480352737
S Tyagi,220,6,304,14,0.42857142857142855,8.290909090909091,3.7098370898222806
R Sathish,144,6,233,14,0.42857142857142855,9.708333333333334,3.7063151419614075
V Sehwag,138,6,236,15,0.4,10.26086956521739,3.699491523524131
S Dube,130,6,223,15,0.4,10.292307692307691,3.6994319861538427
Ak Markram,191,6,275,19,0.3157894736842105,8.638743455497382,3.686309407208394
Shoaib Akhtar,46,5,54,3,1.6666666666666667,7.0434782608695645,3.3617283910303315
Ap Dole,73,5,114,3,1.6666666666666667,9.36986301369863,3.3546783602950483
Harsh Dubey,61,5,98,3,1.6666666666666667,9.639344262295083,3.354081630500602
L Ablish,45,5,76,3,1.6666666666666667,10.133333333333333,3.3530701734908823
O Thomas,63,5,85,4,1.25,8.095238095238095,3.2747058793010386
A Choudhary,108,5,144,5,1.0,8.0,3.2249999968750007
Pd Collingwood,90,5,101,6,0.8333333333333334,6.733333333333333,3.1963696325523645
Gurkeerat Singh,82,5,97,6,0.8333333333333334,7.097560975609756,3.1948453568545485
Prince Yadav,144,5,226,6,0.8333333333333334,9.416666666666666,3.1879056024643018
Rjw Topley,125,5,222,6,0.8333333333333334,10.656,3.185435433674102
Shoaib Ahmed,103,5,154,7,0.7142857142857143,8.970873786407767,3.1651515126663203
Sb Wagh,108,5,147,8,0.625,8.166666666666666,3.149489792919617
S Ladda,141,5,225,9,0.5555555555555556,9.574468085106384,3.131999997818272
Sh Johnson,172,5,289,9,0.5555555555555556,10.081395348837209,3.1309496327880284
Kl Nagarkoti,185,5,287,11,0.45454545454545453,9.308108108108108,3.112395732038575
Hr Shokeen,213,5,320,13,0.38461538461538464,9.014084507042254,3.0991105744616516
Tm Dilshan,275,5,368,25,0.2,8.02909090909091,3.0649094171874594
V Kohli,264,5,371,26,0.19230769230769232,8.431818181818182,3.0621812121982885
D Du Preez,43,4,56,2,2.0,7.813953488372093,2.8255952348196574
Arjun Tendulkar,83,4,117,5,0.8,8.457831325301205,2.5836467208508864
Shivam Sharma,114,4,165,5,0.8,8.68421052631579,2.5830303003783293
T Stubbs,37,4,69,5,0.8,11.18918918918919,2.5778743945377958
Dj Muthuswami,84,4,108,6,0.6666666666666666,7.714285714285714,2.5592592558984912
Ankit Soni,112,4,145,6,0.6666666666666666,7.767857142857142,2.5590804564555425
S Dhawan,49,4,72,6,0.6666666666666666,8.816326530612246,2.5560185159454307
Wa Mota,75,4,98,7,0.5714285714285714,7.84,2.5397959151134946
A Badoni,35,4,50,7,0.5714285714285714,8.571428571428571,2.5376190448968257
Le Plunkett,154,4,228,7,0.5714285714285714,8.883116883116882,2.5368003316342147
Y Nagar,72,4,125,8,0.5,10.416666666666666,2.5191999981568003
Dp Vijaykumar,159,4,205,9,0.4444444444444444,7.735849056603773,2.5147425440834166
Parvez Rasool,200,4,273,11,0.36363636363636365,8.19,2.4971472941656097
Daj Bracewell,25,3,32,1,3.0,7.68,2.426041663275825
Sachin Baby,10,3,8,2,1.5,4.8,2.1416666579861126
Sm Boland,43,3,56,2,1.5,7.813953488372093,2.1255952348196576
Rs Hangargekar,43,3,60,2,1.5,8.372093023255813,2.123888886035494
A Uniyal,38,3,67,2,1.5,10.578947368421053,2.1189054708497315
K Santokie,51,3,91,2,1.5,10.705882352941176,2.1186813169363603
R Ninan,36,3,65,2,1.5,10.833333333333334,2.1184615367573967
Jw Hastings,61,3,66,3,1.0,6.491803278688525,2.0308080760623923
Sm Harwood,67,3,74,3,1.0,6.6268656716417915,2.0301801756259645
Jj Van Der Wath,76,3,134,3,1.0,10.578947368421053,2.0189054708497314
Dj Thornely,44,3,40,4,0.75,5.454545454545455,1.9866666599444454
Rj Peterson,48,3,70,4,0.75,8.75,1.9728571402448982
Gagandeep Singh,84,3,142,4,0.75,10.142857142857142,1.9697183079150964
Ja Richardson,94,3,162,4,0.75,10.340425531914894,1.969341561915528
Mj Clarke,66,3,72,5,0.6,6.545454545454546,1.950555550887346
Jm Kemp,47,3,58,5,0.6,7.404255319148937,1.94701149060477
M Siddharth,101,3,140,5,0.6,8.316831683168317,1.9440476161561793
Ghs Garton,97,3,136,5,0.6,8.412371134020617,1.943774506977785
P Sahu,107,3,152,5,0.6,8.52336448598131,1.9434649095276915
T Shamsi,120,3,185,5,0.6,9.25,1.941621619284149
Mj Henry,105,3,183,6,0.5,10.457142857142857,1.9191256812311506
Tm Head,58,3,113,6,0.5,11.689655172413794,1.9171091430791587
Sikandar Raza,88,3,146,7,0.42857142857142855,9.954545454545455,1.9058056078968924
Rn Ten Doeschate,83,3,94,10,0.3,6.795180722891566,1.8894326197820788
Vr Iyer,84,3,145,9,0.3333333333333333,10.357142857142858,1.8859770096298059
Al Menaria,113,3,144,12,0.25,7.646017699115045,1.876157403986358
V Kaverappa,24,2,36,1,2.0,9.0,1.6222222197530867
Ka Maharaj,36,2,39,2,1.0,6.5,1.4307692260355036
Ph Solanki,36,2,39,2,1.0,6.5,1.4307692260355036
Sc Kuggeleijn,50,2,71,2,1.0,8.52,1.423474175648571
Sd Chitnis,38,2,62,2,1.0,9.789473684210527,1.4204301054399353
Ma Khote,30,2,52,2,1.0,10.4,1.4192307673816569
B Geeves,49,2,91,2,1.0,11.142857142857144,1.4179487163379356
Pvsn Raju,29,2,54,2,1.0,11.172413793103448,1.4179012329656302
C Nanda,50,2,58,3,0.6666666666666666,6.959999999999999,1.362068961388559
Dnt Zoysa,69,2,100,3,0.6666666666666666,8.695652173913043,1.3563333306883336
Au Rashid,60,2,91,3,0.6666666666666666,9.1,1.3553113528961882
Rj Gleeson,73,2,111,3,0.6666666666666666,9.123287671232877,1.3552552528524022
K Yadav,54,2,85,3,0.6666666666666666,9.444444444444445,1.3545098016793542
A Flintoff,66,2,106,3,0.6666666666666666,9.636363636363637,1.354088048160674
D Kalyankrishna,50,2,88,3,0.6666666666666666,10.559999999999999,1.3522727254792242
Jpr Scantlebury-Searles,45,2,89,3,0.6666666666666666,11.866666666666667,1.3501872644973278
Mohammad Hafeez,63,2,71,4,0.5,6.761904761904762,1.329577460414601
Gd Phillips,31,2,40,4,0.5,7.741935483870967,1.3258333299965281
Nd Doshi,57,2,79,4,0.5,8.31578947368421,1.324050630019228
Phkd Mendis,42,2,60,4,0.5,8.571428571428571,1.3233333306111115
Fa Allen,91,2,136,4,0.5,8.967032967032967,1.3223039190813033
Xc Bartlett,60,2,96,4,0.5,9.6,1.3208333311631948
Kt Maphaka,71,2,148,4,0.5,12.507042253521126,1.3159909897124322
P Dubey,79,2,112,5,0.4,8.506329113924052,1.3035119019978567
P Suyal,107,2,154,5,0.4,8.63551401869159,1.3031601704782054
Shoaib Malik,58,2,87,5,0.4,9.0,1.3022222197530868
Kj Abbott,102,2,182,5,0.4,10.705882352941176,1.2986813169363605
Lj Wright,75,2,125,6,0.3333333333333333,10.0,1.286666664666667
Abdul Samad,57,2,119,6,0.3333333333333333,12.526315789473685,1.282633051946661
Mayank Dagar,138,2,205,8,0.25,8.91304347826087,1.272439021872695
Mk Lomror,94,2,127,11,0.18181818181818182,8.106382978723405,1.2610355493306182
Am Rahane,6,1,5,1,1.0,5.0,0.8399999920000016
Ss Mundhe,7,1,6,1,1.0,5.142857142857142,0.838888881327162
La Carseldine,7,1,6,1,1.0,5.142857142857142,0.838888881327162
Gr Napier,24,1,28,1,1.0,7.0,0.8285714244897966
Aa Kazi,13,1,21,1,1.0,9.692307692307693,0.8206349185059212
Ic Porel,26,1,42,1,1.0,9.692307692307693,0.8206349185059212
Aa Noffke,25,1,41,1,1.0,9.84,0.8203252011864632
Li Meriwala,19,1,32,1,1.0,10.105263157894738,0.8197916647081165
S Vidyut,13,1,22,1,1.0,10.153846153846155,0.8196969677571169
Aj Hosein,24,1,41,1,1.0,10.25,0.8195121932183227
A Nel,18,1,31,1,1.0,10.333333333333334,0.8193548368366286
Ss Agarwal,24,1,42,1,1.0,10.5,0.8190476172335603
Lmp Simmons,18,1,34,1,1.0,11.333333333333334,0.817647057266436
D Jansen,28,1,53,1,1.0,11.357142857142856,0.8176100613425104
Mashrafe Mortaza,28,1,59,1,1.0,12.642857142857142,0.8158192077883113
Musheer Khan,12,1,27,1,1.0,13.5,0.8148148137174211
D Brevis,3,1,8,1,1.0,16.0,0.81249999921875
Nb Singh,25,1,18,2,0.5,4.319999999999999,0.7462962855795635
T Henderson,36,1,41,2,0.5,6.833333333333333,0.7292682883997627
Bmaj Mendis,30,1,36,2,0.5,7.2,0.7277777739197536
C Bosch,45,1,56,2,0.5,7.466666666666667,0.7267857106983423
Djm Short,18,1,23,2,0.5,7.666666666666667,0.726086953119093
Pm Sarvesh Kumar,31,1,42,2,0.5,8.129032258064516,0.7246031715765939
Ss Sarkar,25,1,34,2,0.5,8.16,0.7245098009179165
Ssb Magala,37,1,52,2,0.5,8.432432432432432,0.7237179459052435
Cj Mckay,42,1,60,2,0.5,8.571428571428571,0.7233333306111114
Db Ravi Teja,18,1,28,2,0.5,9.333333333333334,0.7214285691326533
Fy Fazal,12,1,20,2,0.5,10.0,0.7199999980000001
R Powell,21,1,35,2,0.5,10.0,0.7199999980000001
Rg More,37,1,63,2,0.5,10.216216216216216,0.7195767176604799
Y Prithvi Raj,33,1,57,2,0.5,10.363636363636363,0.7192982437519239
Lb Williams,42,1,74,2,0.5,10.571428571428571,0.7189189171292916
Gs Sandhu,48,1,86,2,0.5,10.75,0.7186046494321255
L Wood,38,1,94,2,0.5,14.842105263157896,0.7134751763970625
V Viyaskanth,60,1,90,3,0.3333333333333333,9.0,0.6888888864197533
M Shahrukh Khan,18,1,29,3,0.3333333333333333,9.666666666666666,0.6873563196987715
Sa Abbott,59,1,104,3,0.3333333333333333,10.576271186440678,0.6855769212889342
Tp Sudhindra,74,1,137,3,0.3333333333333333,11.108108108108107,0.6846715312258395
Sb Joshi,55,1,82,4,0.25,8.945454545454545,0.672357721077897
Shashank Singh,31,1,52,4,0.25,10.064516129032258,0.6698717928973539
Dj Mitchell,51,1,97,4,0.25,11.411764705882353,0.6675257716601128
Naman Dhir,53,1,76,5,0.2,8.60377358490566,0.6632456113332952
Gh Vihari,43,1,48,6,0.16666666666666666,6.697674418604651,0.6631944399860153
Aj Finch,44,1,67,5,0.2,9.136363636363637,0.6618905448677016
D Salunkhe,51,1,80,5,0.2,9.411764705882353,0.6612499977421877
Se Rutherford,46,1,60,6,0.16666666666666666,7.826086956521739,0.6588888856234572
Ac Voges,56,1,76,7,0.14285714285714285,8.142857142857142,0.6531328290638881
Mk Tiwary,45,1,83,6,0.16666666666666666,11.066666666666666,0.6514056208569218
Cl White,46,1,86,6,0.16666666666666666,11.217391304347826,0.6511627891082268
Aa Jhunjhunwala,88,1,130,10,0.1,8.863636363636363,0.6425641000184092
R Ravindra,12,0,7,2,0.0,3.5,0.0571428408163312
Mw Short,25,0,25,3,0.0,6.0,0.033333327777778705
M Manhas,42,0,42,3,0.0,6.0,0.033333327777778705
Da Warner,2,0,2,1,0.0,6.0,0.033333327777778705
Rv Patel,20,0,22,1,0.0,6.6,0.030303025711662775
Nj Rimmington,18,0,20,1,0.0,6.666666666666667,0.029999995500000678
S Rana,16,0,18,3,0.0,6.75,0.02962962524005552
Nl Mccullum,30,0,35,2,0.0,7.0,0.0285714244897965
Ss Iyer,6,0,7,1,0.0,7.0,0.0285714244897965
Y Gnaneswara Rao,6,0,7,1,0.0,7.0,0.0285714244897965
Tilak Varma,23,0,28,4,0.0,7.304347826086956,0.02738094863237013
Monu Kumar,16,0,20,1,0.0,7.5,0.026666663111111585
Je Root,12,0,15,1,0.0,7.5,0.026666663111111585
C Munro,12,0,15,2,0.0,7.5,0.026666663111111585
Kr Mayers,46,0,59,6,0.0,7.695652173913043,0.025988697187909405
N Wadhera,17,0,22,2,0.0,7.764705882352941,0.025757572440312643
M Vijay,37,0,49,4,0.0,7.945945945945946,0.025170064859549663
Sa Yadav,6,0,8,1,0.0,8.0,0.024999996875000395
Rs Gavaskar,6,0,8,1,0.0,8.0,0.024999996875000395
K Goel,67,0,94,6,0.0,8.417910447761194,0.023758862425808897
Cj Green,17,0,24,1,0.0,8.470588235294118,0.023611108323688606
R Goyal,24,0,34,1,0.0,8.5,0.02352940899654012
Dj Harris,18,0,26,2,0.0,8.666666666666666,0.023076920414201493
K Upadhyay,56,0,81,3,0.0,8.678571428571429,0.023045264834290476
As Raut,30,0,45,5,0.0,9.0,0.0222222197530867
Jalaj S Saxena,18,0,27,1,0.0,9.0,0.0222222197530867
Auk Pathan,41,0,63,3,0.0,9.219512195121952,0.021693119340164307
Kaj Roach,52,0,80,2,0.0,9.230769230769232,0.0216666643194447
Tejas Baroka,21,0,33,1,0.0,9.428571428571429,0.02121211896235102
Sr Tendulkar,37,0,59,4,0.0,9.567567567567567,0.020903952617383488
R Sanjay Yadav,14,0,23,1,0.0,9.857142857142856,0.02028985301407289
S Joseph,30,0,51,1,0.0,10.2,0.019607841214917533
Bj Rohrer,7,0,12,1,0.0,10.285714285714285,0.019444442554012537
Ks Williamson,18,0,31,2,0.0,10.333333333333334,0.019354836836628697
Sz Mulani,33,0,57,2,0.0,10.363636363636363,0.01929824375192385
Sumit Kumar,22,0,38,2,0.0,10.363636363636363,0.01929824375192385
Mb Parmar,19,0,33,1,0.0,10.421052631578949,0.01919191735027056
Vivrant Sharma,21,0,37,2,0.0,10.571428571428571,0.018918917129291626
Cj Dala,19,0,34,1,0.0,10.736842105263158,0.01862744924548267
Rw Price,18,0,33,1,0.0,11.0,0.01818181652892577
Ra Shaikh,6,0,11,1,0.0,11.0,0.01818181652892577
Lrpl Taylor,13,0,24,2,0.0,11.076923076923078,0.018055553925540268
A Dananjaya,25,0,47,1,0.0,11.28,0.01773049488204833
Vs Yeligati,32,0,61,2,0.0,11.4375,0.01748633726895412
Arshad Khan (2),13,0,25,1,0.0,11.53846153846154,0.01733333183111124
Rr Bose,12,0,24,1,0.0,12.0,0.016666665277777895
Gurnoor Brar,21,0,42,1,0.0,12.0,0.016666665277777895
Gulbadin Naib,6,0,12,1,0.0,12.0,0.016666665277777895
Ra Tripathi,6,0,12,1,0.0,12.0,0.016666665277777895
J Overton,41,0,84,3,0.0,12.292682926829269,0.016269839946302704
H Sharma,30,0,62,2,0.0,12.4,0.016129030957336213
Abdur Razzak,14,0,29,1,0.0,12.428571428571427,0.016091952728233692
Suryansh Shedge,19,0,40,1,0.0,12.631578947368421,0.015833332079861213
Aman Hakim Khan,6,0,13,1,0.0,13.0,0.015384614201183526
C Ganapathy,6,0,13,1,0.0,13.0,0.015384614201183526
Mandeep Singh,12,0,26,2,0.0,13.0,0.015384614201183526
Mj Suthar,12,0,26,1,0.0,13.0,0.015384614201183526
S Midhun,13,0,29,1,0.0,13.384615384615385,0.014942527619236444
P Ray Barman,24,0,56,1,0.0,14.0,0.014285713265306197
Na Saini,15,0,35,1,0.0,14.0,0.014285713265306197
M Tiwari,6,0,14,1,0.0,14.0,0.014285713265306197
Mohit Rathee,12,0,29,1,0.0,14.5,0.013793102497027416
Sunny Gupta,19,0,47,1,0.0,14.842105263157896,0.013475176397062583
Mg Neser,25,0,62,1,0.0,14.879999999999999,0.01344085931177021
Spd Smith,2,0,5,1,0.0,15.0,0.013333332444444505
F Du Plessis,6,0,16,1,0.0,16.0,0.012499999218750049
Pwa Mulder,6,0,16,1,0.0,16.0,0.012499999218750049
S Sriram,18,0,49,2,0.0,16.333333333333332,0.01224489720949609
Ck Kapugedera,17,0,49,3,0.0,17.294117647058822,0.01156462518163732
Rr Bhatkal,12,0,35,1,0.0,17.5,0.011428570775510242
P Prasanth,6,0,18,1,0.0,18.0,0.011111110493827195
Sn Khan,2,0,6,1,0.0,18.0,0.011111110493827195
B Chipli,6,0,20,1,0.0,20.0,0.009999999500000025
Lpc Silva,6,0,21,1,0.0,21.0,0.009523809070294806
I Malhotra,6,0,23,1,0.0,23.0,0.008695651795841227
Ishan Kishan,1,0,4,1,0.0,24.0,0.008333332986111126
Atharva Taide,1,0,4,1,0.0,24.0,0.008333332986111126
Karim Janat,6,0,30,1,0.0,30.0,0.006666666444444452
Ybk Jaiswal,1,0,6,1,0.0,36.0,0.0055555554012345736
